{
  "integrations": [
    {
      "id": "bfc48fdb-12ac-4a50-a6c8-ce6f067f2535",
      "name": "AzureUnifiedAlerts",
      "action": "CREATE_EVENT",
      "type": "INBOUND_WEBHOOK",
      "deployed": true,
      "form": "54749559-0917-45b0-b3e4-5024cc498184",
      "script": "var embedUtil = require('embedUtil');\nvar AzureUtil = require('AzureUtil');\n\nvar body = JSON.parse( request.body );\nvar data = body.data;\nvar context = data.context;\n\nvar conditionArray = context.condition.allOf;\nvar conditionOutputMarkup = AzureUtil.processConditions(conditionArray);\n\nconsole.log(\"Preparing trigger properties.\");\nvar trigger = {};\ntrigger.properties = {};\ntrigger.properties['Timestamp'] = context.timestamp;\ntrigger.properties['ID'] = context.id;\ntrigger.properties['Alert Name'] = context.name;\ntrigger.properties['Alert Description'] = context.description;\ntrigger.properties['Condition Type'] = context.conditionType;\n\nvar metricOutput = '';\nfor( var i = 0; i <= conditionOutputMarkup.length - 1; i++) {\n    metricOutput += conditionOutputMarkup[i];\n}\ntrigger.properties['Metric Output'] = metricOutput;\n\ntrigger.properties['Window Size'] = context.condition.windowSize;\ntrigger.properties['Subscription ID'] = context.subscriptionId;\ntrigger.properties['Resource Group Name'] = context.resourceGroupName;\ntrigger.properties['Resource Name'] = context.resourceName;\ntrigger.properties['Resource Type'] = context.resourceType;\ntrigger.properties['Resource ID'] = context.resourceId;\ntrigger.properties['Resource Region'] = context.resourceRegion;\ntrigger.properties['Portal Link'] = context.portalLink;\n\nconsole.log(\"Posting to form.\");\nvar resp = form.post(trigger);\n\nif( resp.statusCode >= 200 && resp.statusCode < 300 ) {\n    console.log( 'Successfully submitted the form' );\n} else {\n    console.log( 'There was a problem submitting the form' );\n    throw \"Error submitting the form, view the logs for more details\";\n}\n\n// end of script\n",
      "environment": "HOSTED",
      "authType": "URL"
    }
  ],
  "endpoints": [],
  "constants": []
}